snacks|Frito Lay Classic Mix, 1 oz, Variety Pack, 54-count|23.49
snacks|Pirate's Booty Aged White Cheddar Snack, 0.5 oz, 40-count|15.99
snacks|PopCorners Popped Corn Snacks Variety Pack, 1 oz, 30-Count|17.99
snacks|Go Raw Sprouted Organic Pumpkin Seeds with Sea Salt, 22 oz|11.99
snacks|Nature's Garden, Probiotic Strawberry Yoggies, 0.7 oz, 30-count|14.89
snacks|That's it Mini Fruit Bars, 24-count|17.99
snacks|FITCRUNCH Protein Bars, 16g Protein, Chocolate Peanut Butter, 1.62 oz, 18-count|22.99
snacks|Kirkland Signature Soft & Chewy Granola Bars, 0.85 oz, 64-count|12.59
snacks|Pure Organic Layered Fruit Bars, Variety Pack, 0.63 oz, 28-count|15.99
snacks|Kirkland Signature Chewy Protein Bar, Peanut Butter & Semisweet Chocolate Chip, 1.41 oz, 42-Count|16.99
snacks|BUILT Puff Protein Bar, Variety Pack, 1.41 oz, 14-count|23.99
snacks|Nature's Garden Organic Trail Mix Snack Packs, Variety Pack, 1.2 oz, 24-count|17.99
snacks|Kirkland Signature Peanut Butter Filled Pretzel Nuggets, 55 oz|11.99
snacks|Kirkland Signature, Organic Applesauce, 3.17 oz, 24-Count|11.99
snacks|Nature's Bakery Fig Bar, Variety Pack, 2 oz, 40-count|19.99
snacks|RXBAR Protein Bars, Variety Pack, 14-count|15.39
snacks|Annie's Organic Bunny Snack Pack Baked Crackers and Graham Snacks, 1.07 oz, Variety Pack, 36-count|16.99
snacks|Kirkland Signature Extra Fancy Mixed Nuts, Salted, 2.5 lbs|18.49
snacks|Kirkland Signature Extra Fancy Mixed Nuts, Unsalted, 2.5 lbs|18.99
snacks|Clif Kid ZBar Organic Granola Bar, Variety Pack, 1.27 oz, 36-count|24.99
snacks|Kirkland Signature Trail Mix Snack Packs, 2 oz, 28-count|19.99
snacks|Kirkland Signature Protein Bar, Variety Pack, 2.12 oz, 20-count|26.49
snacks|Country Archer Grass-Fed Beef Stick Minis Original, 0.5 oz, 28-Count|19.99
beverages|Kirkland Signature Bottled Water 16.9 fl oz, 40-count, 48 Case Pallet|459.99
beverages|Pure Life Purified Water, 8 fl oz, 24-count|4.99
beverages|Alani Nu Energy Drink, Variety Pack, 12 fl oz, 18-count|20.99
beverages|BODYARMOR Lyte Sports Drink, Variety Pack, 20 fl oz, 18-count|21.99
beverages|Kirkland Signature, Organic Coconut Water, 11.1 fl oz, 12-count|14.99
beverages|Coca-Cola Mini, 7.5 fl oz, 30-count|21.99
beverages|Coca-Cola Mini, Variety Pack, 7.5 fl oz, 30-count|22.49
beverages|LaCroix Sparkling Water, Variety Pack, 12 fl oz, 24-count|9.49
beverages|Gatorade Thirst Quencher, Core Variety Pack, 12 fl oz, 28-count|18.99
beverages|Joyburst Hydration Drink, Variety Pack, 16.9 fl oz, 18-count|22.99
beverages|Waterloo Sparkling Water, Variety Pack, 12 fl oz, 24-count|12.39
beverages|Olipop Soda, Variety Pack, 12 fl oz 15-count|24.99
beverages|Maison Perrier Sparkling Water, 16.9 fl oz, 24-count|27.49
beverages|San Pellegrino Italian Sparkling Drink, Melograno & Arancia, 11.15 fl oz, 24-count|25.99
beverages|Olipop 12 oz Prebiotics Soda Variety Pack, 24 Count|54.99
beverages|San Pellegrino Italian Sparkling Drink, Aranciata Rossa, 11.15 fl oz, 24-count|26.49
beverages|Pepsi Mini, 7.5 fl oz, 30-count|18.99
beverages|San Pellegrino Sparkling Natural Mineral Water, Unflavored, 11.15 fl oz, 24-count|16.49
beverages|Kirkland Signature, Organic Coconut Water, 33.8 fl oz, 9-count|24.99
beverages|Bloom Sparkling Energy Drink, Variety Pack, 12 fl oz, 18-count|28.99
beverages|Celsius Sparkling Energy Drink, Vibe Variety Pack, 12 fl oz, 18-count|27.99
beverages|ZOA Energy Drink, Variety Pack, 12 fl oz, 18-count|25.99
beverages|Kirkland Signature, Organic Non-Dairy Oat Beverage, 32 oz, 6-count|12.49
candy|M&M's, Snickers and More Chocolate Candy Bars, Variety Pack, 30-count|33.99
candy|Skinny Dipped Cups, Dark Chocolate Peanut Butter, 30-count|11.99
candy|UNREAL Dark Chocolate Coconut Minis, 15.3 oz|12.99
candy|M&M's, Skittles and More Candy Bars, Variety Pack, Full Size, 30-count|33.99
candy|Hershey's Variety Pack, 30-count|31.99
candy|Kirkland Signature Funhouse Treats, Variety Pack, 92 oz|24.99
candy|Béquet Celtic Sea Salt Caramels 17.1 oz., 3-pack|44.99
candy|Reese's Peanut Butter Cups, King Size, 2.8 oz, 24-count|50.99
candy|Charms Blow Pop, 0.65 oz, Assorted Bubble Gum Filled Pops, 100-count|15.99
candy|Kellogg's Rice Krispies Treats, 0.78 oz, 60-count|15.99
candy|Hershey's Nuggets Assortment, Variety Pack, 145-count|23.99
candy|Charms Mini Pops, Assorted Flavors, 350-count|11.49
candy|Reese's Peanut Butter Cups, Milk Chocolate, 1.5 oz, 36-count|45.99
candy|Mott's Fruit Snacks, Assorted Fruit, 0.8 oz, 90-count|12.09
candy|Mars Minis Chocolate Candy, Variety Pack, 200-count|20.99
candy|Kinder Bueno Chocolate and Hazelnut Chocolate Bars, 2 Bars, 1.5 oz, 20 Pack|19.99
candy|Ring Pops Variety, .5 oz, 40-pack|17.99
candy|Hershey's Miniatures, Variety Pack, 56 oz|24.99
candy|M&M's Chocolate Candy, Peanut Butter, Full Size 1.63 oz, 24-count|31.99
candy|M&M's Chocolate Candy, Peanut, 62 oz Jar|19.99
candy|Hershey's Milk Chocolate With Almonds, 1.45 oz, 36-count|46.69
candy|Nutella & GO! Hazelnut and Cocoa Spread With Pretzels, 1.9 oz, 16 Pack|19.49
candy|AirHeads, 0.55 oz, Variety Pack, 90-count|16.99
household|Duracell D Alkaline Batteries, 14-count|16.99
household|Zevo Flying Insect Trap Starter Kit, 2 Devices + 6 Refills|39.99
household|Duracell Coppertop Alkaline AA Batteries, 40-count|18.49
household|HP 952XL High Yield Ink Cartridge, Tri-Color Pack|144.99
household|Epson T502 EcoTank Ink Bottles BK/C/Y/M, Club Pack|57.99
household|HP 64XL High Yield Ink Cartridge, Black & Tri-Color, 2-Count|117.99
household|Cambro Round 2-Quart Food Storage Container with Lid, 3-count|12.99
household|HP 962XL High Yield Ink Cartridge, Tri-Color Pack|134.99
household|HP 902XL High Yield Ink Cartridge, Black, 2-Count|111.99
household|Cambro Square 4-Quart Food Storage Container with Lid, 3-count|27.99
household|Cambro Round 4 Quart Food Storage Container with Lid, 3-count|16.49
household|Duracell Coppertop Alkaline AAA Batteries, 40-count|18.49
household|Tramontina Aluminum Baking Sheet Pan, Quarter Size, 9.5"L x 13"W, 3 ct|15.99
household|HP 63XL High Yield Ink Cartridge, Black & Tri-Color, Combo Pack|116.99
household|Kirkland Signature Alkaline AA Batteries, 48-count|16.99
household|Takeya 2-quart Beverage Pitcher, 2-pack|26.99
household|Advantage Premium Bright Ink Jet and Laser Paper, 8.5"x11" Letter, White, 24lb, 97 Bright, 1 Ream of 800 Sheets|10.99
household|HP 67XL High Yield Ink Cartridge, Black & Tri-Color|64.99
household|Tramontina Professional 12" Restaurant Fry Pan, Nonstick Aluminum|28.99
household|HP 910XL High Yield Ink Cartridge, Tri-Color Pack|85.99
household|Tramontina Professional 10" Restaurant Fry Pan, Nonstick Aluminum, 2 pk|36.99
household|HP 910XL High Yield Ink Cartridge, Black, 2-count|102.99
household|Unitex 100% Cotton Towel, White, 14 in x 17 in, 52-count|22.99
household|Tramontina Professional 8" Restaurant Fry Pan, Nonstick Aluminum, 2-pack|26.99
tv|TCL 55" Class - Q77K Series - 4K UHD QLED Smart TV - Allstate 3-Year Protection Plan Bundle Included for 5 Years of Total Coverage*|299.99
tv|TCL 65" Class - Q77K Series - 4K UHD QLED Smart TV - Allstate 3-Year Protection Plan Bundle Included for 5 Years of Total Coverage*|399.99
tv|TCL 75" Class - Q77K Series - 4K UHD QLED Smart TV - Allstate 3-Year Protection Plan Bundle Included for 5 Years of Total Coverage*|549.99
tv|TCL 65" Class - QM6K Pro Series - 4K UHD QD-Mini LED Smart TV - Allstate 3-Year Protection Plan Bundle Included for 5 Years of Total Coverage*|699.99
tv|Samsung 50" Class - U8000F Crystal UHD Series - 4K Smart TV|249.99
tv|SANUS Home 42"- 86" Full Motion TV Mount|89.99
tv|TCL 85" Class - Q77K Series - 4K UHD QLED Smart TV - Allstate 3-Year Protection Plan Bundle Included for 5 Years of Total Coverage*|849.99
tv|Samsung 75" Class - Q7F QLED Series - 4K Vision AI Smart TV - Allstate 3-Year Protection Plan Bundle Included For 5 Years of Total Coverage*|569.99
tv|SANUS Preferred 37"-90" Full-Motion TV Mount|129.99
tv|Samsung 65" Class - Q7F QLED Series - 4K Vision AI Smart TV - Allstate 3-Year Protection Plan Bundle Included For 5 Years of Total Coverage*|429.99
tv|LG 55" Class - UA7700 Series - 4K UHD Smart TV|299.99
tv|Angi Premier - 1-Pro TV Mounting Service|69.99
tv|TCL 75" Class - QM6K Pro Series - 4K UHD QD-Mini LED Smart TV - Allstate 3-Year Protection Plan Bundle Included for 5 Years of Total Coverage*|899.99
tv|Hisense 43" Class - QD6 Series - 4K QLED Smart TV - Allstate 3-Year Protection Plan Bundle Included for 5 Years of Total Coverage*|199.99
tv|Hisense 50" Class - QD6 Series - 4K QLED Smart TV - Allstate 3-Year Protection Plan Bundle Included for 5 Years of Total Coverage*|239.99
tv|Samsung 43" Class - U8000F Crystal UHD Series - 4K Smart TV|229.99
tv|Angi Premier - 2-Pro TV Mounting Service with In-wall Wire Concealment|199.99
tv|LG 75" Class - UA7700 Series - 4K UHD Smart TV|499.97
appliance|Samsung 23 cu. ft. Counter Depth 4-Door French Door Refrigerator with Beverage Center in Stainless Steel|500
appliance|Samsung 5.5 cu. ft. Extra-Large Capacity Smart Top Load Washer with Super Speed Wash and 7.4 cu. ft. Smart ELECTRIC Dryer with Steam Sanitize+|100
appliance|LG Counter-Depth MAX with Zero Clearance 3-Door French Door Refrigerator|1900
appliance|Samsung Bespoke AI All-in-One Washer Dryer Combo 5.3 cu. ft. Ultra Capacity Washer and VENTLESS Heat Pump Dryer|800
appliance|Whirlpool 25 cu. ft. Large Side-by-Side Refrigerator with Deli Drawer|1499.99
appliance|See Details|1499.99
appliance|GE Profile 27.9 cu. ft. Smart Fingerprint Resistant 4-Door French Door Refrigerator|1050
appliance|LG 5.5 cu. ft. Top Load Washer with EasyUnload and 7.3 cu. ft. Rear Control ELECTRIC Dryer with EasyLoad|1000
appliance|Maytag 4.8 cu. ft. Washer and 7.0 cu. ft. ELECTRIC Dryer with Deep Fill|700
appliance|LG 25 cu. ft. Smart Counter-Depth MAX 4-Door French Door Refrigerator with Full-Convert Drawer|1350
baby|Carter's Baby 4-piece Layette Set|15.99
baby|Select Options|15.99
baby|Aveeno Baby Moisture Set, 2 Wash & Shampoo + Lotion, 44 fl oz|18.99
baby|Koala Baby 3-pack Sleep & Play Set|17.99
baby|Pekkle Baby 2-pack Cotton Sleepers|9.97
baby|Pekkle Baby 4-piece Overall & Short Set|18.99
baby|Koala Baby 4-piece Thermal Set|9.97
baby|Monica + Andy Baby 3-pack Cotton Sleepers|16.97
baby|Little Me Baby 3-piece Dresswear Set|17.99
baby|Disney Baby 3-piece Shortall Set|19.99
baby|UV Skinz Baby 2-piece Swim Set|14.97
baby|Kirkland Signature Baby Wipes Fragrance Free, 900-count|23.99
baby|Imagio Baby Lisbon 2-piece Nursery Set, Sandwash|1899.99
baby|Huggies Natural Care Sensitive Baby Wipes, 1024-count|24.99
baby|Baby Trend Navigator PLUS 2-in-1 Stroller Wagon|219.99
baby|Joie Ancho Wind-up 2-in-1 Swing & Rocker|154.99
baby|Huggies Plus Diapers Sizes 3 - 7|49.99
baby|Adrian 6-piece Nursery Collection|1299.99
baby|Pampers Swaddlers Ultra Diapers Sizes 3 - 7|44.99
baby|Pampers Swaddlers Ultra Diapers Sizes 1 - 2|42.99
baby|Kirkland Signature Diaper Size 2, 112-count|19.99
baby|Kirkland Signature Diaper Sizes 3 - 6|39.99
baby|Kirkland Signature, Organic Fruit and Vegetable Pouches, Variety Pack, 3.17 oz, 24-count|14.99
baby|Mushie - Costco Next|15.99
baby|Baby Sebamed Essentials Collection|69.99
pets|simplehuman Medium Pet Food Can|37.99
pets|simplehuman X-Large Pet Food Can|37.99
pets|Petlibro Granary Smart Camera Automatic Pet Feeder|37.99
pets|Kirkland Signature Nature's Domain Canned Dog Food, Turkey & Pea Stew, 13.2 oz, 24-count|37.99
pets|Wellness CORE Mini Meals Shredded Variety Pack, 3 oz, 24-count|32.99
pets|Kirkland Signature Canned Dog Food, 13.2 oz, 24-count|34.99
pets|Kirkland Signature Small Formula Chicken & Vegetable Dog Food 20 lb.|19.99
pets|Kirkland Signature Nature's Domain Turkey and Sweet Potato Dog Food, 25 lbs|29.99
pets|Kirkland Signature Pate Cat Food Variety Pack, 3.5 oz, 45-count|34.99
pets|Kirkland Signature Adult Formula Lamb, Rice and Vegetable Dog Food, 25 lbs|24.99
pets|Kirkland Signature Chicken and Rice Cat Food 25 lbs.|26.99
pets|Kirkland Signature Healthy Weight Formula Chicken and Vegetable Dog Food, 25 lbs|21.99
pets|Wellness Good Kitty Wet Cat Food Pate Variety Pack, 3 oz, 24-count|22.99
pets|Kirkland Signature Mature Formula Chicken, Rice and Egg Dog Food, 25 lbs|24.99
pets|Kirkland Signature Chunks in Gravy, Canned Cat Food Variety Pack, 3 oz, 48-count|32.99
pets|Kirkland Signature Nature's Domain Salmon and Sweet Potato Formula Dog Food, 25 lbs|29.99
pets|Kirkland Signature Adult Formula Chicken, Rice and Vegetable Dog Food, 25 lbs|24.99
pets|Kirkland Signature Nature's Domain Cat Food 18 lbs.|25.99
pets|Jinx Homemades Variety Pack, Wet Dog Food Pack , 9oz , 12-count|34.99
pets|PetSafe FlexFeed Automatic Pet Feeder Bundle|47.99
pets|Zylina Healthy Mealworms, 5 lb Bags, 4-count|124.99
pets|Kirkland Signature Nature's Domain Beef and Sweet Potato Dog Food, 25 lbs|27.99
pets|Purina Friskies Pate Wet Cat Food Variety Pack, 5.5 oz, 60-count|49.99
pets|VETIQ MultiVitamin Hickory Smoked Flavored Soft Chews for Adult Dogs, 240-count|37.99
tv|TCL 65" Class - Q77K Series - 4K UHD QLED Smart TV - Allstate 3-Year Protection Plan Bundle Included for 5 Years of Total Coverage*|399.99
tv|See Details|399.99
tv|Samsung 75" Class - Q7F QLED Series - 4K Vision AI Smart TV - Allstate 3-Year Protection Plan Bundle Included For 5 Years of Total Coverage*|569.99
tv|Samsung 65" Class - Q7F QLED Series - 4K Vision AI Smart TV - Allstate 3-Year Protection Plan Bundle Included For 5 Years of Total Coverage*|429.99
tv|TCL 55" Class - Q77K Series - 4K UHD QLED Smart TV - Allstate 3-Year Protection Plan Bundle Included for 5 Years of Total Coverage*|299.99
tv|TCL 75" Class - Q77K Series - 4K UHD QLED Smart TV - Allstate 3-Year Protection Plan Bundle Included for 5 Years of Total Coverage*|549.99
tv|TCL 65" Class - QM6K Pro Series - 4K UHD QD-Mini LED Smart TV - Allstate 3-Year Protection Plan Bundle Included for 5 Years of Total Coverage*|699.99
tv|Samsung 50" Class - U8000F Crystal UHD Series - 4K Smart TV|249.99
tv|SANUS Home 42"- 86" Full Motion TV Mount|89.99
tv|TCL 85" Class - Q77K Series - 4K UHD QLED Smart TV - Allstate 3-Year Protection Plan Bundle Included for 5 Years of Total Coverage*|849.99
tv|SANUS Preferred 37"-90" Full-Motion TV Mount|129.99
tv|TCL 85" Class - QM6K Pro Series - 4K UHD QD-Mini LED Smart TV - Allstate 3-Year Protection Plan Bundle Included for 5 Years of Total Coverage*|1199.99
tv|Samsung 85" Class - DU8000C Series - 4K Crystal UHD Smart TV - Allstate 3-Year Protection Plan Bundle Included for 5 Years of Total Coverage*|100
tv|LG 50" Class - UA7700 Series - 4K UHD Smart TV|299.99
tv|LG 55" Class - UA7700 Series - 4K UHD Smart TV|299.99
tv|Samsung 65" Class - The Frame Series - QLED 4K - Art Mode Vision AI Smart TV - Allstate 3-Year Protection Plan Bundle Included For 5 Years of Total Coverage*|1199.99
tv|Angi Premier - 1-Pro TV Mounting Service|69.99
tv|Samsung 55" Class - Q7F QLED Series - 4K Vision AI Smart TV - Allstate 3-Year Protection Plan Bundle Included For 5 Years of Total Coverage*|100
tv|TCL 75" Class - QM6K Pro Series - 4K UHD QD-Mini LED Smart TV - Allstate 3-Year Protection Plan Bundle Included for 5 Years of Total Coverage*|899.99
tv|Hisense 43" Class - QD6 Series - 4K QLED Smart TV - Allstate 3-Year Protection Plan Bundle Included for 5 Years of Total Coverage*|199.99
tv|Hisense 50" Class - QD6 Series - 4K QLED Smart TV - Allstate 3-Year Protection Plan Bundle Included for 5 Years of Total Coverage*|239.99
tv|Samsung 43" Class - U8000F Crystal UHD Series - 4K Smart TV|229.99
tv|Angi Premier - 2-Pro TV Mounting Service with In-wall Wire Concealment|199.99
tv|LG 75" Class - UA7700 Series - 4K UHD Smart TV|499.97
tv|Samsung 75" Class - QN90F Neo QLED Series - 4K Mini LED - Vision AI Smart TV - Allstate 3-Year Protection Plan Bundle Included For 5 Years of Total Coverage*|1899.99
laptop|Acer Aspire 3 15.6" Touchscreen Laptop - AMD Ryzen 5 7520U - FHD (1920x1080) - Windows 11|499.99
laptop|Acer Aspire 14" AI Copilot+ PC - Intel Core Ultra 5 226V – WUXGA (1920 x 1200) Touchscreen Display - 16GB RAM - 1TB SSD - Windows 11 Home – Steel Gray|499.97
laptop|Lenovo Slim 7i 14" OLED Touchscreen Copilot+ PC - Aura Edition - Intel Core Ultra 7 Processor 258V - Windows 11 - 32 GB RAM - 1TB SSD|1199.99
laptop|Dell 16 Touchscreen Laptop - 16.0" FHD+ 1920x1200 Touchscreen - Ryzen 7 250 - 16GB RAM - 1TB SSD - Windows 11 Home - Carbon Black|849.99
laptop|See Details|849.99
laptop|HP OmniBook 5 16" AI Laptop - AMD Ryzen AI 7 350 - Copilot+ PC - 2K (1920 x 1200) Touchscreen - 32GB Memory - 1TB SSD - Windows 11 Home|949.99
laptop|Dell 16" Laptop - AMD Ryzen 7 250 - FHD+ (1920 x 1200) Touchscreen - 32GB RAM - 2TB SSD - Windows 11 Home|999.99
laptop|HP 17.3" HD+ Touchscreen Laptop - AMD Ryzen 5 7430U - 1600 x 900 -16GB Memory - 1TB SSD - Windows 11 Home|599.99
laptop|Microsoft Surface Laptop Copilot+ PC 13.8" - Qualcomm Snapdragon X Plus (10 core) - 2304 x 1536 - Windows 11 - 16GB RAM - 1TB SSD|1099.99
laptop|Dell 16" Touchscreen Laptop - Intel Core 7 150U - 1920 x 1200 - 16GB RAM - 1TB SSD - Windows 11|699.99
laptop|HP OmniBook 5 16" Touchscreen Laptop - Intel Core Ultra 5 225U - 2K 1920 x 1200 - 16GB Memory - 1TB SSD - Windows 11 Home|749.99
laptop|HP 17.3" HD+ Touchscreen Laptop - Intel Core 5 120U - (1600 x 900) - 16GB Memory - 1TB SSD - Windows 11 Home|499.97
laptop|Dell Plus 16" Touchscreen Laptop - Intel Core Ultra 9 288V - 1920 x 1200 - Windows 11 Home - 32GB RAM - 1TB SSD|1299.99
laptop|HP Omnibook 5 16" AI Laptop - AMD Ryzen AI 7 350 - CoPilot+ PC - 2K (1920 x 1200) Touchscreen - 16GB Memory - 1TB SSD - Windows 11 Home|599.99
laptop|Dell Inspiron 15.6" Touchscreen Laptop - AMD Ryzen 7 7730U - FHD (1920 x 1080) - Windows 11|499.99
laptop|Acer Aspire 14" AI Copilot+ PC – Intel Core Ultra 9 processor 288V – WUXGA (1920 x 1200) Touchscreen – 32GB RAM - 1TB SSD- Windows 11 Home - Steel Gray|1099.99
laptop|Lenovo Legion 5i 16" Gaming Laptop - Intel Core Ultra 9 275HX - GeForce RTX 5060 - WQXGA (2560x1600) - Windows 11 Home - 32GB RAM - 1TB SSD|1499.99
laptop|Acer Aspire 16" AI Copilot+ PC Touchscreen Laptop — Intel Core Ultra 9 processor 288V — WUXGA (1920 x 1200) — 32GB RAM — 1TB SSD — Windows 11 Home — Steel Gray|899.99
laptop|Dell 15.6" Touchscreen Laptop - Intel Core Ultra 7 255U - FHD (1920x1080) - 16GB RAM - 1TB SSD - Carbon Black - Windows 11 Home|599.99
laptop|HP OmniBook 7 16" Touchscreen Laptop - Intel Evo Platform Powered by Intel Core Ultra 7 255H - 2K OLED 120Hz - 32GB Memory - 1TB SSD - Windows 11 Home|1299.99
laptop|MacBook Neo Laptop (13-inch) - Apple A18 Pro chip, Built for Apple Intelligence, 6-core CPU, 5-core GPU, 8GB Memory, 512GB SSD Storage, Touch ID|689.99
laptop|Select Options|689.99
laptop|HP OmniBook 7 Flip 16" 2-in-1 AI Laptop - Intel Evo Platform Powered by Intel Core Ultra 7 258V - Copilot+ PC - 3K OLED Touchscreen - 32GB Memory - 1TB SSD - Windows 11 Home|1499.99
laptop|HP OmniBook 7 16" Touchscreen Laptop - Intel Core Ultra 9 Series 3 - Copilot+ PC - 2K (2048 x 1280) OLED - 32GB Memory - 1TB SSD - Windows 11 Home|1899.99
laptop|RCA 15.6" FHD Laptop — Powered by Intel N150 Processor — 4GB Memory — 128GB Storage — Windows 11 Home (S-Mode)|249.99
laptop|ASUS Vivobook Flip 16" OLED Touchscreen Laptop - Copilot+ PC - Intel Core Ultra 9 Series 3 Processor - 32GB RAM - 1TB SSD - Windows 11|1699.99
kitchen|Seville Kitchen Cart with Acacia Shelves|154.99
kitchen|MIU 2-piece Silicone Splatter Guards|34.99
kitchen|All-Clad 8-piece Kitchen Utensil Set|154.99
kitchen|Value Express Cabinets by Tuscan Hills|154.99
kitchen|Select Options|154.99
kitchen|TRINITY 6-piece Bamboo Drawer Organizer|29.99
kitchen|Seville Classics Stainless Steel Kitchen Cart|129.99
kitchen|Cuisinart 12-piece Essential Tool and Gadget Set|59.99
kitchen|Jacquard Flatwoven Kitchen Towels, 8-pack|21.99
kitchen|Staub 9 Piece Kitchen Tool Set|99.99
kitchen|Seville Classics 2-tier Acacia Sliding Bin Organizer|39.99
kitchen|KitchenAid 6 Quart Bowl-Lift Stand Mixer with Attachments and Pouring Shield|100
kitchen|over&back 3-piece Multipurpose Berry Baskets|19.99
kitchen|Ninja Deluxe Blender & Kitchen System with 88-oz. Pitcher, 9-Cup Processor, & Auto-iQ|154.99
kitchen|Seville Classics Acacia Stacking Bins, 4 piece|41.99
kitchen|Snapware Pyrex 18-piece Glass Food Storage Set|35.99
kitchen|Fortessa Sound 16-piece Dinnerware Set|119.99
kitchen|Seville Classics Acacia Storage Bin Set, 5-piece|29.99
kitchen|Kirkland Signature Paper Towels, 2-Ply, 160 Sheets, 12 Individually Wrapped Rolls|23.99
kitchen|Taylor Waterproof Digital Kitchen Scale|16.97
kitchen|Kohler Rodean Kitchen Sink Faucet|159.99
kitchen|KRAUS 32" Undermount Single Bowl Granite Composite Kitchen Sink|269.99
kitchen|Custom Assembled Outdoor Cabinetry by WeatherStrong|154.99
kitchen|Hansgrohe Zesis Lean Kitchen Faucet|142.99
kitchen|KRAUS Undermount Single Bowl Stainless Steel Kitchen Sink|139.99
apparel|Character Baby 4-piece Ribbed Set|9.97
apparel|Select Options|9.97
apparel|Coldwater Creek Women's Tencel Dress|18.99
apparel|32 Degrees Women's Skort|12.97
apparel|Lands' End Women's Sun Shirt|11.99
apparel|Briggs Women's Linen Blend Pant|13.99
apparel|Jockey Women's Yoga Pant|10.99
apparel|Gerry Men's Tech Short|9.97
apparel|adidas Men's Fleece Pant|12.97
apparel|Lands' End Women's Pintuck 3/4 Sleeve Top|12.97
apparel|Gloria Vanderbilt Women's Amanda Stretch Denim Jean|16.97
apparel|Vera Bradley Women's Cotton Sleep Shirt, 2-pack|14.99
apparel|Coldwater Creek Women's Cotton Gauze Pull-On Pant|14.99
apparel|32 Degrees Women's Short Sleeve Dress|14.97
apparel|Gloria Vanderbilt Women's Cotton Gauze Pullover Top|14.99
apparel|K Bell Women's No Show Sock, 20 pair|19.99
apparel|Felina Women's Ribbed Tank, 3-pack|15.99
apparel|Soft Cloth - Costco Next|9.97
apparel|Scott On-The-Go Pop-Up Cloths, 70 Cloths, 8-count|35.99
apparel|60" Round Table Cloth, 2-pack|59.99
apparel|Crocodile Cloth Garage Wipes, 660-count|9.97
apparel|Rectangular Table Cloth, 2-pack|48.99
apparel|BC Clothing Men's Convertible Pant|24.99
apparel|Disney Baby 3-piece Shortall Set|19.99
apparel|Swiffer Sweeper Heavy Duty Dry Sweeping Cloth Refills, 50-count|17.99
vitamin|Zipfizz Multi-Vitamin Energy Hydration Drink Mix, 30 Tubes|29.99
vitamin|Select Options|29.99
vitamin|Zena Creatine Monohydrate + D3/K2 Gummies, 225-count|39.99
vitamin|Terra Kai Organics Juce Super Fruits & Veggies, 240 Capsules|34.99
vitamin|SKIN & LAB Vitamin C Brightening Serum, 1.01 fl oz, 2-pack|27.99
vitamin|Grüns Adult Greens Gummies, 35 Daily Packs|29.99
vitamin|Derma E Vitamin C Serum, 1.7 fl oz, 2-pack|14.97
vitamin|See Details|14.97
vitamin|Perricone MD Vitamin C Ester Brightening Serum, 1.0 fl oz, 2-pack|64.99
vitamin|youtheory Concentrated Effect Verisol Collagen with Biotin, 345 Count|29.99
vitamin|Force Factor Total Beets Chews, 90 Soft Chews|25.99
vitamin|Perricone MD Vitamin C Ester Photo-Brightening Moisturizer Broad Spectrum SPF 30, 2 fl oz, 2-pack|64.99
vitamin|AG1 Daily Foundational Nutrition, 40-count|29.99
vitamin|BODYARMOR Lyte Sports Drink, Variety Pack, 20 fl oz, 18-count|21.99
vitamin|Liquid I.V. Hydration Multiplier, 30 Individual Serving Stick Packs in Resealable Pouch, Sugar Free, Mango Pineapple|32.99
vitamin|Liquid I.V. Hydration Multiplier, 30 Individual Serving Stick Packs in Resealable Pouch, Tropical Punch|32.99
vitamin|Terra Kai USDA Organic Juce Super Greens Fruit and Veggie Powder, 13.23 Ounces|20.99
vitamin|Sports Research Multi Collagen, 180 Capsules|31.99
vitamin|youtheory Mens Collagen Advanced Formula, 390 Tablets|23.99
vitamin|OLLY Kids Multivitamin & Probiotic, 160 Gummies|21.99
vitamin|One A Day Women's Multivitamin, 300 Tablets|23.99
vitamin|Nature Made D3 + K2 Gummies, 110 Gummies|22.99
vitamin|Kirkland Signature Vitamin C 1000 mg., 500 Tablets|19.99
vitamin|Kirkland Signature Super B-Complex with Electrolytes, 500 Tablets|15.49
vitamin|SmartyPants Organic Kids and Toddler Formula Multivitamin, 180 Gummies|24.99
vitamin|Kirkland Signature Chewable Vitamin C 500 mg., 500 Tablets|15.49
cleaning|Package Free Multi-Purpose Cleaning Spray, Rosemary Eucalyptus, (1) 16 fl oz Spray + (3) 16 fl oz Refills|28.99
cleaning|Kirkland Signature Ultra Shine Liquid Dish Soap, Fresh, 90 fl. oz.|9.99
cleaning|Narwal Freo Z10 Pro Robot Vacuum and Mop with Deep Carpet Cleaning Performance|649.99
cleaning|Shark WandVac Power Pet Cordless Hand Vacuum For Pet, Home and Car|20
cleaning|Nellie's Laundry Soda, 400 Loads|54.99
cleaning|Shark PowerDetect 2-in-1 Robot Vacuum & Mop with NeverTouch Pro Self-Cleaning Base|28.99
cleaning|Clear-Touch Food Handling Nitrile Gloves, Blue, 500-count|27.49
cleaning|Select Options|27.49
cleaning|HOTO Flexi Cordless Spin Scrubber|49.99
cleaning|Roborock QX Revo Robot Vacuum and Mop with Multifunctional Dock|399.99
cleaning|All-Clad EZ Clean Pro Deep Fryer, 3.5L|28.99
cleaning|Clorox Disinfecting All Purpose Cleaner, Crisp Lemon, 32 fl oz Spray + 180 fl oz Refill|16.99
cleaning|Kirkland Signature Ultra Clean Free & Clear HE Liquid Laundry Detergent, 146 loads, 194 fl oz|21.49
cleaning|Bona Hardwood Floor Cleaner, Original, 32 fl oz & 128 fl oz Ready-To-Use Refill|29.99
cleaning|Muse Apothecary Flush Ritual Toilet Spray, Fresh Citrus, (3) 4 fl oz + (1) 0.45 fl oz|19.99
cleaning|Scotch-Brite Heavy Duty Scour Pads, 20-count|9.99
cleaning|Nellie's Baby Laundry Soda, 500 Loads|89.99
cleaning|Poo-Pourri Toilet Spray, Variety Pack, 3.4 fl oz, 3-count|28.99
cleaning|Fabuloso Multi-Purpose Cleaner, Lavender, 210 fl oz|12.99
cleaning|Nellie's Bulk Oxygen Brightener, 8.75 lbs|34.99
cleaning|BISSELL PowerClean FurGuard Deluxe 280W Cordless Vacuum with Extra Battery|28.99
cleaning|Hotel Grand White Down Pillow|84.99
cleaning|The Pink Stuff Miracle Cleaning Bundle|26.99
cleaning|Mr. Clean Magic Eraser, Whole Home Extra Durable, 18-count|18.89
cleaning|Blueland Toilet Bowl Cleaner Tablets, Lemon Mint, 60-count|49.99
organic|Terra Kai USDA Organic Juce Super Greens Fruit and Veggie Powder, 13.23 Ounces|20.99
organic|Kirkland Signature Organic Peanut Butter, 28 oz, 2-count|11.69
organic|Kirkland Signature Organic No-Salt Seasoning, 14.5 oz|9.99
organic|Lesser Evil Organic Snacks, Variety Pack, 30-count|19.99
organic|Organic Brown Sugar, 7.5 lbs|11.99
organic|Universal Bakery Organic Paleo Bars, 20-Count|11.99
organic|Avocado Organic Cotton Throw|32.99
organic|Select Options|32.99
organic|Clif Kid ZBar Organic Granola Bar, Variety Pack, 1.27 oz, 36-count|24.99
organic|Ruta Maya Organic Jiguaní Whole Bean Coffee 5 lb|54.99
organic|Purely Organic 6-piece Towel Set|49.99
organic|Rosarita Organic Refried Beans, 16 oz., 8-count|10.49
organic|Purely Organic 300 Thread Count 6-piece 100% Turkish Organic Cotton Sheet Set|49.97
organic|Sun-Maid Organic California Sun-Dried Raisins, 2 lbs, 2-count|13.99
organic|Kirkland Signature, Organic Extra Virgin Olive Oil, 2 L|20.99
organic|Kirkland Signature, Organic Fruit and Vegetable Pouches, Variety Pack, 3.17 oz, 24-count|14.99
organic|Vita Coco Organic Coconut Non-Dairy Beverage, 33.8 fl. oz, 6-count|14.99
organic|Purely Organic Towel Sets|19.99
organic|Pure Organic Layered Fruit Bars, Variety Pack, 0.63 oz, 28-count|15.99
organic|iDESIGN 4-piece Cosmetic Organizer Set|34.99
organic|Seville Classics 9-piece Acacia Organizer Starter Set|58.99
organic|Seville Classics 4-piece Acacia Expandable Drawer Organizer|37.99
organic|TRINITY Wire Undersink Organizer with Slide, 2-pack|74.99
organic|iDESIGN 9-piece Drawer Organizer Set|29.99
organic|Eurow Automotive Trunk Organizer|29.99
kirkland|Kirkland Signature Paper Towels, 2-Ply, 160 Sheets, 12 Individually Wrapped Rolls|23.99
kirkland|Kirkland Signature Super Extra-Large Peanuts, 2.5 lbs|8.99
kirkland|Kirkland Signature Chewy Protein Bar, Peanut Butter & Semisweet Chocolate Chip, 1.41 oz, 42-Count|16.99
kirkland|Kirkland Signature Nut Bars, 1.41 oz, 30-count|17.99
kirkland|Kirkland Signature Dried Mangoes, Sweetened, 35 oz|11.99
kirkland|Kirkland Signature Diaper Sizes 3 - 6|39.99
kirkland|Select Options|39.99
kirkland|Kirkland Signature Men's Pima Tee|10
kirkland|Kirkland Signature Hair Regrowth Treatment Extra Strength for Men, 5% Minoxidil Topical Solution, 2 fl oz, 6-pack|17.99
kirkland|Kirkland Signature Bath Tissue, 2-Ply, 380 Sheets, 30 Rolls|24.99
kirkland|Kirkland Signature Men's Boxer Brief, 4-pack|18.99
kirkland|Kirkland Signature Ultra Soft Bath Tissue, 2-Ply, 231 Sheets, 36 Rolls|24.99
kirkland|Kirkland Signature 100% Colombian Coffee, Dark Roast, 1.75 oz, 42-count|39.99
kirkland|Kirkland Signature Flex-Tech 13-Gallon Kitchen Trash Bag, 200-count|19.99
kirkland|Kirkland Signature Women's Lightweight Hoodie|10
kirkland|Kirkland Signature Men's Active Pullover Hoodie|9.97
kirkland|Kirkland Signature Baby Wipes Fragrance Free, 900-count|23.99
kirkland|Kirkland Signature Men's Full Zip Hoodie|14.97
kirkland|Kirkland Signature Women's Lightweight Crop Pant|14.99
kirkland|Kirkland Signature Unisex Logo Crewneck|21.99
kirkland|Kirkland Signature Men's Midweight Crew Tee, 6-pack|10
kirkland|Kirkland Signature Men's Heavyweight Crew Tee, 6-pack|26.99
kirkland|Kirkland Signature Premoistened Flushable Wipes, Fragrance Free, 640-count|16.99
kirkland|Costco Wholesale Unisex Logo Tee|11.99
kirkland|Kirkland Signature, Organic Quinoa, 4.5 lbs|12.99
coffee|Starbucks Pike Place Roast Coffee, Medum Roast, Ground, 32 oz|23.99
coffee|Folgers Classic Roast Ground Coffee, Medium, 43.5 oz|22.99
coffee|Kirkland Signature Colombian Coffee, Dark Roast, 3 lbs|23.99
coffee|Kirkland Signature Colombian Supremo Coffee, Whole Bean, 3 lbs|24.99
coffee|Dunkin' Donuts Original Blend Coffee, Medium Roast, Ground, 40 oz|26.99
coffee|Peet's Coffee Major Dickason's Blend Coffee, Dark Roast, Whole Bean, 2 lbs|18.49
coffee|Kirkland Signature Medium Roast Coffee, 40 oz.|21.99
coffee|Kirkland Signature House Blend Whole Bean Coffee, Medium Roast, 2.5 lbs|21.49
coffee|Ruta Maya Organic Dark Roast Coffee, 5 lbs|49.99
coffee|Kirkland Signature Coffee Organic Breakfast Blend K-Cup Pod, 120-count|44.99
coffee|Kirkland Signature Colombian Cold Brew Coffee, 11 fl oz, 12-count|20.99
coffee|Kirkland Signature 100% Colombian Coffee, Dark Roast, 1.75 oz, 42-count|39.99
coffee|Kirkland Signature Whole Bean Coffee, French Roast, 2.5 lbs|22.99
coffee|Lavazza Espresso Gran Crema Whole Bean Coffee, Medium, 2.2 lbs|17.49
coffee|San Francisco French Roast Whole Bean Coffee 3 lb, 2-pack|44.99
coffee|Kirkland Signature Coffee Organic House Decaf K-Cup Pod, 120-count|44.99
coffee|Kirkland Signature Coffee Organic Summit Roast K-Cup Pod, 120-count|44.99
coffee|NESCAFE Taster's Choice Instant Coffee, House Blend, Light-Medium Roast,14 oz|24.99
coffee|Mayorga Café Cubano Roast, USDA Organic, Dark Roast, Whole Bean Coffee, 2lb, 2-pack|46.99
coffee|Kirkland Signature Organic Ethiopia Whole Bean Coffee, 2 lbs|49.99
coffee|La Colombe Draft Latte Cold Brew Coffee, Variety Pack, 9 fl oz, 12-count|22.99
coffee|Kirkland Signature Coffee Organic Pacific Bold K-Cup Pod, 120-count|44.99
coffee|Kirkland Signature Espresso Blend Whole Bean Coffee, Dark Roast, 2.5 lbs|21.99
coffee|Lavazza Caffé Espresso 100% Premium Arabica Coffee, Whole Bean, 2.2 lbs|17.49
frozen|Ninja SLUSHi Professional Frozen Drink Maker, 96-oz. Capacity, 5 Preset Programs|60
frozen|Nuchas Empanadas Meat Lovers Combo, 4 Boxes, 24 Units Total|124.99
frozen|Don Miguel Breakfast Burritos, Eggs, Sausage and Cheese, 7 oz, 12-count|72.99
frozen|Giordano's Chicago Frozen 10" Deep Dish Stuffed Pizza, 3-pack|94.99
frozen|Idaho Spuds, Golden Grill Hashbrown Potatoes, 33.1 oz|8.99
frozen|Morey's Seasoned Wild Alaskan Salmon, 6-Count|52.99
frozen|Don Miguel Beef and Bean Spicy Bomb Burrito, 12 oz, 12-count|76.99
frozen|Don Miguel Beef, Bean and Cheese Bomb Burritos, 12 oz, 12-count|76.99
frozen|Farm Rich Battered Mozzarella Cheese Sticks, 3 lbs, 2-count|69.99
frozen|Don Miguel Burritos, Chicken & Cheese Burritos, 7 oz, 12-count|76.99
frozen|A5 Wagyu Surf & Turf Pack, Cold Water Lobster Tails & Japanese A5 Wagyu Filet Mignon, Total 4 Packs|399.99
frozen|Kisko Giant Freezies, Variety Pack, 5.5 oz, 50-count|11.99
frozen|Giordano's Chicago Frozen Single-Serve Deep Dish Pizza Variety, 12 Pack|124.99
frozen|Ninja CREAMi Deluxe 11-in-1 Ice Cream and Frozen Treat Maker|60
frozen|Jon Donaire 9" White Chocolate Flavored Raspberry Cheesecake, 12 Slices|54.99
frozen|Jon Donaire 10" New York Cheesecake, 16 Slices|59.99
frozen|Ninja CREAMi Scoop and Swirl Ice Cream and Soft Serve Maker, 13 One-Touch Programs, Costco Shop Card Included|60
frozen|Cuisinart FastFreeze Ice Cream and Frozen Treat Maker with 4 Half-pint Cups|79.99
frozen|Gourmia 2 Quart Automatic Soft Serve Ice Cream and Frozen Drink Maker|149.99
frozen|Coastal Seafood Frozen Lobster Tails 12 Count (6 - 8 oz.)|249.99
frozen|Texas Tamale Co. Hatch Chile Tamales 6pk of 12 Each, 72-count|99.99
frozen|David's Cookies 90-piece Gourmet Chocolate Chunk Frozen Cookie Dough|64.99
frozen|Boneless/Skinless Halibut Portions, 23-32 Count, 10 lb Total|489.99
frozen|Ninja CREAMi XL 24oz Tubs and Lids, 6-pack|69.99
meat|Rastelli's Variety Protein Locker Pack - 38 Total Packs, 21 Lbs. Total|329.99
meat|Northfork Bison Whole Tenderloin, Total 1 Pack, 2 Lbs. Total|149.99
meat|Quality Ethnic Foods Halal Goat Cubes, (5/2.2 Lbs. Per Bag), Total 5 Packs, Total 11 Lbs.|139.99
meat|Northfork Bison Trio of Ground Meats (Bison, Elk, Boar), Total 9 Packs, 9 Lbs. Total|149.99
meat|Northfork Bison Combo Pack - (Ribeye, Striploin, Stew Meat), 6 Total Packs, 4 Lbs. Total|159.99
meat|SPAM Variety Gift Set, 9 Tins With Slicer, 108 oz. Total|59.99
meat|Japanese Wagyu Boneless Ribeye Roast, A5 Grade, 12 lbs|1099.99
meat|Crescent Foods Halal Hand Cut Steak Locker, 16 Total Packs, 9 Lbs. Total|239.99
meat|Kirkland Signature, Albacore Solid White Tuna in Water, 7 oz, 8-Count|20.99
meat|Rastelli's USDA Choice Black Angus Sirloin Coulotte Steak (20/6 Oz Per Steak), 20 Total Count, 7.5 Lbs. Total|199.99
meat|Rastelli's Choice Boneless Black Angus Prime Rib Roast, 1 Total Pack, 7 Lbs. Total|229.99
meat|Kirkland Signature Grass-fed Beef Sticks, 1.15 oz, 12-count|14.99
meat|Kirkland Signature Premium Extra Thick Steak Strips, 12 oz|14.89
meat|Kirkland Signature, Chicken Breast, 12.5 oz, 6-Count|16.99
meat|Pederson Natural Farms 100% Grass Fed Organic Ground Beef (12/1 Lb. Per Pack), 12 Total Packs, 12 Lbs. Total|184.99
meat|Rastelli's Antibiotic-free Grass-fed Angus Steak Box, 8 Total Packs, 3.875lbs Total|104.99
meat|Swift All Natural Lamb Loin Chops, (4/4 Oz. Chops Per Pack) 10 Total Packs, 10 Lbs. Total|219.99
meat|Kirkland Signature, Bacon Crumbles, 20 oz|10.99
meat|Chicago Steak Premium Angus Beef Butcher Assortment, 17 Total Packs, 8 Lbs. Total|169.99
meat|Kansas City Steak Co. USDA Choice Combo Pack, 11.5 Lbs. Total, 12 Large Steaks (4 Strips, 4 Filet Mignon, 4 Ribeyes)|249.99
meat|SPAM Canned Meat, 25% Less Sodium, 12 oz, 8-Count|28.99
meat|Northern Fish Fresh Dungeness Crab Meat (3/1lb) 3 lbs.Total|239.99
meat|SPAM Canned Meat, Classic, 12 oz, 8-Count|28.99
meat|Northfork Venison Stew Meat, 5 Packs, 1 Lbs. Each, 5 Lbs. Total|124.99
mattress|Sealy Posturepedic Pro Omak Valley 13" Firm Hybrid Mattress|749.99
mattress|See Details|749.99
mattress|Beautyrest 12" Silver BRS900 Medium-Firm Mattress|449.99
mattress|Beautyrest 12" BR800 Medium Mattress|399.99
mattress|PurpleRenew 11" Gel Grid Mattress|999.99
mattress|Casper Cooling Select 12" Memory Foam Mattress|459.99
mattress|Kirkland Signature by Stearns & Foster 14.5" Pillow Top Lakeridge Mattress|999.99
mattress|Novaform 14" Legacy Premier Support Hybrid Euro Top Mattress|899.99
mattress|Sealy Posturepedic Pro Highland Manor 13" Medium Mattress|699.99
mattress|Sealy Posturepedic Plus Prosser Hills 12" Firm or 13.5" Plush Mattress|699.99
mattress|Sealy Posturepedic Pro Lincoln Heights 14" Firm or Plush Mattress|669.99
mattress|Novaform 14” ComfortGrande Advanced Hybrid Mattress|699.99
mattress|Kirkland Signature by Stearns & Foster 14" Tight Top Lakeridge Mattress|949.99
seafood|Coastal Seafood Frozen Lobster Tails 12 Count (6 - 8 oz.)|249.99
seafood|Alaska Glacier Red King Crab Legs, 14-17 Count, 10 Lbs. Total|989.99
seafood|Wild Alaska Giant Whole Cooked Red Sea Cucumber (3 x 3 Lbs. Bags) 3 Total Packs, 9 Lbs. Total|289.99
seafood|Alaska Bairdi Snow Crab Sections 5 bags (2 lbs. each) - Total 10 lbs.|319.99
seafood|Alaska Dungeness Crab Clusters - 10lbs. Total|279.99
seafood|Northwest Fish 4-6 Whole Dungeness Crab, 10 lbs|289.99
seafood|Crown Prince Smoked Oysters in Olive Oil, Fancy Whole, 3.75 oz, 6-count|16.99
seafood|El Rey Del Pulpo, Large Cooked Octopus Tentacles, 14 oz, 6-pack, 5.25 lbs|239.99
seafood|Wild Alaska Snow Crab Meat (Bairdi Crab 8 oz. Pack) 12 Total Packs, 6 Lbs. Total|319.99
seafood|Sea Watch, Chopped Sea Clams, 51 oz, 2-Count|28.99
seafood|Wild Alaska Coho Salmon Portions, Total 10Lbs.|219.99
seafood|Ahi Tuna Individual Vacuum Packed Portion (26-27/6 Oz. Per Portion), 26-27 Total Packs, 10 Lbs. Total Case|229.99
seafood|Key West Pink 16/20 Gulf Shrimp Headless Shell-On (3/2Lb Per Bag), Total 3 Packs, 6 Lbs. Total|154.99
seafood|Northwest Red King Salmon Portions, 12 Total Count, 1 Case Totaling 6 Lbs.|189.99
seafood|Ahi Tuna Saku Slices, 30 Total Packs, 1 Case Totaling 9.93 Lbs.|299.99
seafood|Sesame Crusted Ahi Tuna Steaks, 18 Total Packs, 1 Case Totaling 12 Lbs.|289.99
seafood|Northwest Fish Wild Alaskan Sockeye Salmon Fillets Total 25 Count, 1 Case Totaling 10 Lbs.|289.99
seafood|Alaska Black Cod (Sable Fish) - Individual Packed Portions (19-25/6-8 Oz. Per Portion), 1 Case Totaling 10 Lbs.|269.99
seafood|Whole Head On, Cleaned Branzino Fish (12-18 Oz. Per Fish), Min 7 Count, 10 Lbs. Total|159.99
seafood|Chicago Steak Premium Angus Beef Surf & Turf, 15 Total Packs, 7 Lbs. Total|179.99
seafood|Kirkland Signature, Wild Alaskan Pink Salmon, 6 oz, 6-Count|19.99
seafood|Shrimp Chips with Garlic and Butter 16 oz 2-pack|29.99
seafood|Ekone Smoked Oysters Sampler Variety Pack, 8 Pack|84.99
seafood|Trident Seafoods Smoked Sockeye Salmon, 2 Gift Packs|64.99
jewelry|14kt Gold High Polish Rope Chain|399.99
jewelry|Select Options|399.99
jewelry|14kt Yellow Gold Cross Bolo Bracelet|379.99
jewelry|14kt Gold Hoop Earrings|199.99
jewelry|14kt Yellow Gold Puffed Heart Necklace|299.99
jewelry|14kt Yellow Gold Pear Drop Pendant|479.99
jewelry|See Details|479.99
jewelry|14kt Yellow Gold Mini Cuban Link Chain Necklace|749.99
jewelry|14kt Yellow Gold Oval Rolo Link Necklace|549.97
jewelry|Gemstone 14kt Gold Bezel Pendant|399.99
jewelry|14kt Yellow Gold Pear Drop Earrings|349.99
jewelry|Freshwater Cultured 8-8.5mm Multi-pink Pearl Bracelet With 14kt Rose Gold Clasp|299.99
jewelry|Round Brilliant 0.50 ctw VS2 Clarity, I Color Diamond 14kt Gold Band|649.99
jewelry|14kt Yellow Gold Paperclip Bracelet|439.99
jewelry|14kt Yellow Gold High Polish & Diamond Cut Round Stud Earrings|179.99
jewelry|Round Brilliant 1.00 ctw VS2 Clarity, G Color Diamond 14kt Gold Band|1499.99
jewelry|Blue Topaz 14kt Yellow Gold Dangle Earrings|349.99
jewelry|Round Brilliant 0.50 ctw VS2 Clarity, G Color Diamond 14kt White Gold Solitaire Pendant|1449.99
jewelry|14kt Yellow Gold Mirror Necklace|319.99
jewelry|Round Brilliant 0.35 ctw VS2 Clarity, I Color Diamond 14kt Gold Hoop Earrings|599.99
jewelry|Round Brilliant 0.23 ctw VS2 Clarity, I Color Diamond 14kt Gold Screwback Stud Earrings|299.99
jewelry|Round Brilliant 0.70 ctw VS2 Clarity, I Color Diamond 14kt Gold Band|899.99
jewelry|14kt Yellow Gold Heart Charm Rolo Bracelet|599.99
jewelry|Glass Top-Lift Lid Large Contemporary Jewelry Box|79.99
jewelry|London Blue Topaz and Diamond 14kt White Gold Necklace|649.99
tools|Ingersoll Rand Edge 155-piece Master Mechanic's Tool Set|99.99
tools|Permasteel 24.6″ 6-Bay Heavy Duty Wall Mounted Power Tool Organizer|69.99
tools|Select Options|69.99
tools|Corona Garden Digging Set|59.99
tools|COAST MT400 Mackenzie Multi-Tool with Sheath|29.99
tools|Fanttik W10 APEX Mini Chainsaw|79.99
tools|Ingersoll Rand 16-piece Tech Solutions Master Non-Slip Metric Combination Wrench Set|99.99
tools|Permasteel 14-piece Wall Storage System|99.99
tools|Nouvelle Legende Commercial Grade Apron, Black, 29 in x 32 in, 2-count|10.99
tools|Greenworks 24V Drill & Impact Driver 2x2Ah Battery, 4Ah Battery, Charger|299.99
tools|Staub 9 Piece Kitchen Tool Set|99.99
tools|Fanttik D100 PRO Laser Level with Tripod|79.99
tools|KODA Ergo Cushioned Shop Stool, 2-pack|99.99
tools|CAT LED Neck Light, 2-pack|29.99
tools|TRINITY 48" Work Table|199.99
tools|Gorilla Rack 5-tier Rolling Bin Organizer|169.99
tools|TRINITY 24 Sq Ft Modular Slatwall 19-piece Accessory Set|219.99
tools|Greenmade Store-All Storage Crate, 4-pack|34.99
tools|DeWalt 8-Gallon 4 HP Stealthsonic Quiet Stainless Steel Wet Dry Vacuum|79.99
tools|DeWalt 12-Gallon 5.5 HP Stealthsonic Quiet Wet Dry Vacuum|124.99
tools|Sabatier 6-piece Stainless Steel and Silicone Tool Set|24.99
tools|Greenworks 80V 8" Gen 2 Brushless Edger|189.99
tools|Permasteel 41" Heavy Duty Rolling Tool Chest Combo|999.99
tools|TRINITY 43" x 25" 11-Drawer Stainless Steel Tool Chest|1199.99
tools|The Pink Stuff Miracle Cleaning Bundle|26.99
outdoor|POLYWOOD Portside 3-piece Outdoor Patio Shellback Adirondack Set|579.99
outdoor|Select Options|579.99
outdoor|Solar LED Revere Lantern|39.99
outdoor|Indoor/Outdoor Decorative Pillow|23.99
outdoor|Excello Global Products 10 ft. String Light Pole, 2-pack|84.99
outdoor|GTX Solar LED Pathway Lights, 4-pack|38.99
outdoor|See Details|38.99
outdoor|SunVilla Alden 3-piece Outdoor Patio Seating Set|799.99
outdoor|Agio Nicolet 7-piece Fire Outdoor Patio High Dining Set|1899.99
outdoor|Agio Juniper 5-piece Outdoor Fire Seating Set|2649.99
outdoor|Lifetime 170-Gallon Resin Outdoor Storage Deck Box|229.99
outdoor|Koolspot Outdoor Sun Shade – Pole Operated|119.99
outdoor|Mirador Adjustable Louvered Aluminum Pergola 10' x 13'|1799.99
outdoor|Glass Garden Stakes, Set of 3|38.99
outdoor|Sunvilla 10' Round Solar LED Market Umbrella|179.99
outdoor|SunVilla Julia Woven Chaise Lounge 2-pack|399.99
outdoor|Yardistry 12' x 14' Gazebo with Aluminum Roof|2099.99
outdoor|Theo Resin Planters by Trendspot, 2-pack|42.99
outdoor|Mullally Plant Caddy, 2-pack|37.99
outdoor|Evergreen LED Porcelain Lantern, Set of 2|39.99
outdoor|31" Trough Planter by Veradek, 2-pack|99.99
outdoor|OTTA Outdoor Laurel 4-piece Outdoor Patio Seating Set|2599.99
outdoor|MoDe Halifax 7-piece Modular Outdoor Seating Set|2999.99
outdoor|Outdoor Sectional Group Furniture Cover|99.99
outdoor|SunVilla Charme 3-piece Outdoor Patio Dining Set|849.99
outdoor|Sirio Madison 8-piece Outdoor Patio Seating Set|3499.99
audio|Apple Airpods Max 2|529.99
audio|Bose QuietComfort Ultra Headphones Gen2|449.99
audio|Select Options|449.99
audio|Bose QuietComfort SC Noise Canceling Headphones - White Smoke|199.99
audio|SHOKZ OpenFit 2 SE Open-Ear True Wireless Earbuds|529.99
audio|Soundcore Space One Noise Cancelling Headphones|15
audio|SHOKZ OpenRun SE- Open-Ear Bluetooth Wireless Bone Conduction Sport Headphones|20
audio|AirPods 4 with Active Noise Cancellation|148.99
audio|Bose QuietComfort Ultra Earbuds|149.97
audio|AirPods Max (USB-C)|399.97
audio|See Details|399.97
audio|Apple AirPods Pro 3, Wireless Earbuds, Active Noise Cancellation, Hearing Aid Feature, Heart Rate Sensing, Includes 2 Years of AppleCare+|249.99
audio|Sony WH1000XM5/SA Wireless Noise-Cancelling Over-the-Ear Headphones - Black, with Soft Case|229.99
audio|Bowers & Wilkins Px7 S2 Noise Canceling Headphones|149.97
audio|Bose Ultra Open-Ear True Wireless Earbuds|229.99
audio|Sennheiser ACCENTUM Open Wireless Earbuds|89.99
audio|Bose QuietComfort SC Noise Canceling Headphones - Black|199.99
audio|Soundcore Liberty 5 Earbuds|529.99
audio|Bose QuietComfort Noise Cancelling Earbuds|149.99
audio|JBL Live 675NC Wireless True Adaptive Noise-cancelling On-Ear Headphones|99.99
audio|Bose QuietComfort SC Noise Canceling Headphones - Blue Dusk|199.99
audio|Bose QuietComfort SC Noise Canceling Headphones - Chilled Lilac|199.99
audio|AXIL XCOR PRO SE – Wireless Earbuds with Hearing Protection & Enhancement|129.99
audio|Glass Bud Vases by Home Essentials, Set of 3|26.99
audio|Belkin 3-in-1 Charging Stand Qi2 25W|69.99
audio|Casio CT-S200 Premium Portable Keyboard Bundle|199.99
watch|Apple Watch Series 11 (GPS) 42mm Case with Sport Band (Size S/M), Hypertension Notifications, Sleep Score, Advanced Workout Metrics|389.99
watch|Select Options|389.99
watch|Citizen Promaster Dive Stainless Steel Automatic Men's Watch, 41mm|279.99
watch|Casio G-Shock Mudmaster Men's Quartz Watch, 54.9mm|189.99
watch|Citizen Eco Drive Weekender Chronograph Stainless Steel Quartz Men's Watch, 44mm|199.99
watch|See Details|199.99
watch|Citizen Eco-Drive Sport Luxury Stainless Steel Chronograph Men's Quartz Watch, 43mm|279.99
watch|Luminox Pacific Diver Stainless Steel Green Dial Men's Quartz Watch, 44mm|389.99
watch|Bulova Classic Gold Tone Stainless Steel Crystal Women's Watch, 23mm|249.99
watch|Bering Classic Stainless Steel Lavender Dial Women's Quartz Watch, 31mm|79.99
watch|Bulova Classic Sutton Stainless Steel Automatic Men's Watch, 41mm|349.99
watch|Luminox Nighthawk Black Stainless Steel Men's Quartz Watch, 44mm|499.97
watch|Citizen Eco-Drive Sport Casual Brycen Stainless Steel Chronograph Men's Quartz Watch, 44mm|199.99
watch|Apple Watch Series 11 (GPS) 46mm Case with Sport Band (Size M/L), Hypertension Notifications, Sleep Score, Advanced Workout Metrics|419.99
watch|Frederique Constant Classics Heartbeat Stainless Steel Men's Automatic Watch, 40mm|1299.99
watch|Omega De Ville Hour Vision Stainless Steel Men's Automatic Watch, 41mm|389.99
watch|Casio Pro Trek Men's Quartz Watch, 51.5mm|199.99
watch|Samsung Galaxy Watch8 40mm Smartwatch with Two Wireless Fast Chargers|229.99
watch|Apple Watch SE 3 (GPS) 40mm Case with Sport Band (Size S/M)|239.99
watch|Bulova Classic Stainless Steel Diamond Rectangle Blue Dial Women's Quartz Watch, 21mm|259.99
watch|Bulova Classic Gold Stainless Steel Quartz Men's Watch, 39mm|219.99
watch|Bulova Surveyor Gold Stainless Steel Men's Watch, 39mm|259.99
watch|Bulova Classic Two Tone Stainless Steel Diamond Rectangle Women's Quartz Watch, 21mm|279.99
watch|Bering Titanium Green Dial Men's Quartz Watch, 41mm|119.99
watch|Seiko Essentials Two Tone Mother of Pearl Dial Women's Quartz Watch, 29.8mm|179.99
watch|Bulova Classic Two Tone Stainless Steel Quartz Men's Watch, 39mm|219.99
auto|Greenball Towmaster ST Special Trailer Radial Tire|59.99
auto|Select Options|59.99
auto|Greenball Greensaver 18X8.5-8 Golf Cart Tire & Wheel|69.99
auto|Greenball Greensaver Plus GT Golf Cart Tire|54.99
auto|SafeRacks Wall Mounted Heavy Duty Tire Rack|69.99
auto|Greenball Greensaver 18x8.50-8 Golf Cart Tire|41.99
auto|Greenball Greensaver Plus GT Performance Radial Golf Cart Tire|64.99
auto|Greenball XC-Master Rear 6-Ply ATV Tire|74.99
auto|Greenball Dirt Commander ATV Tire|119.99
auto|Greenball Grim Reaper ATV Tire|106.99
auto|Greenball Dirt Devil 6-Ply ATV Tire|59.99
auto|Fanttik S200 APEX Powerful Portable Air Pump and Tire Inflator with Power Bank|49.99
auto|CAT 350 lb. Deluxe Truck and SUV Tire Service Step|59.99
auto|Velox Custom Automobile Wheels|59.99
auto|Strauto Rechargeable 120PSI Universal Inflator with Power Bank|99.99
auto|Maxsa Innovations Escaper Buddy Traction Mats, 2-pack|129.99
auto|Vesla VS-900 Foldable Fat Tire Electric Trike|1649.99
auto|Greenball XC-Master Front 6-Ply ATV Tire|51.99
auto|Powerbuilt Double Platform Folding Truck and SUV Tire Step|109.99
auto|5-hour Energy Shot, Extra Strength, Berry, 1.93 fl.oz, 24-count|49.99
auto|Gorilla 9 cu ft. Heavy Duty Poly Yard Dump Cart with No Flat Tires|279.99
auto|5-hour Energy Shot, Regular Strength, Berry, 1.93 fl. oz, 24 Count|44.99
auto|Backyard Discovery Timber Crossing Swing Set- Do It Yourself|1999.99
auto|5-hour Energy Shot, Extra Strength, Grape, 1.93 fl. oz, 24-count|49.99
auto|UltraPro Elite 1200A Portable Jump Starter and Air Pump, Emergency LED|94.99
water|Pure Life Purified Water, 8 fl oz, 24-count|4.99
water|Kirkland Signature Bottled Water 16.9 fl oz, 40-count, 48 Case Pallet|459.99
water|FIJI Natural Artesian Water, 11.15 fl oz, 24-count|19.99
water|Waterloo Sparkling Water, Variety Pack, 12 fl oz, 24-count|12.39
water|FIJI Natural Artesian Water, 23.7 fl oz, 12 count|20.99
water|Kirkland Signature, Organic Coconut Water, 11.1 fl oz, 12-count|14.99
water|Maison Perrier Sparkling Water, 16.9 fl oz, 24-count|27.49
water|San Pellegrino Sparkling Natural Mineral Water, Unflavored, 11.15 fl oz, 24-count|16.49
water|San Pellegrino Ciao Sparkling Water, Variety Pack, 11.15 fl oz, 24-count|21.99
water|LaCroix Sparkling Water, Spring Variety Pack, 12 fl oz, 24-count|9.49
water|LaCroix Sparkling Water, Variety Pack, 12 fl oz, 24-count|9.49
water|Brio 740 Series Self-Cleaning Bottom Load Water Cooler|199.99
water|LaCroix Sparkling Water, Grapefruit, 12 fl oz, 24-count|9.49
water|Vita Coco, Coconut Water, 11.1 fl oz, 18-Count|21.19
water|Brondell Circle Reverse Osmosis Water Filtration System|369.99
water|Select Options|369.99
water|LaCroix Sparkling Water, Lemon, 12 fl oz, 24-count|9.49
water|Kirkland Signature, Organic Coconut Water, 33.8 fl oz, 9-count|24.99
water|Chi Forest Flavored Sparkling Water, Variety Pack, 11.16 fl oz, 24-count|21.99
water|LifeStraw Water Filter Variety Pack|62.99
water|OverEZ Compact Waterer, 2-pack|79.99
water|Step2 Tropical Splash Water Park|122.99
water|See Details|122.99
water|C2O Coconut Water Hydration Pack, The Original, 17.5 fl oz, 15-count|25.99
water|S.Pellegrino Sparkling Natural Mineral Water, 16.9 fl oz, 24-count|21.24
water|LaCroix Sparkling Water, Berry, 12 fl oz, 24-count|9.49
diaper|Huggies Plus Diapers Sizes 3 - 7|49.99
diaper|Select Options|49.99
diaper|Kirkland Signature Diaper Sizes 3 - 6|39.99
diaper|Pampers Swaddlers Ultra Diapers Sizes 1 - 2|42.99
diaper|Huggies Plus Diapers Size Newborn|34.99
diaper|Pampers Swaddlers Ultra Diapers Sizes 3 - 7|44.99
diaper|Kirkland Signature Diaper Size 1, 96-count|14.99
diaper|Kirkland Signature Diaper Size 2, 112-count|19.99
diaper|Diaper Genie Square Refill, 2 Multi-size Packs, 1080-count|19.99
diaper|Huggies Pull-Ups Plus Training Pants Unisex|39.99
diaper|Diaper Genie Clean Laundry Scent Round Refill 4-pack, 1080-count, Plus 2 Carbon Filters|19.99
diaper|Pampers Easy Ups Ultra Training Pants Unisex|39.99
diaper|Kirkland Signature Baby Wipes Fresh Spring Scent, 900-count|23.99
diaper|Huggies Plus Diapers Size 1-2|39.99
diaper|Huggies Natural Care Sensitive Baby Wipes, 1024-count|24.99
diaper|RICO Baby Wipes, 720-count|21.99
diaper|Desitin Maximum Strength Baby Diaper Rash Cream with 40% Zinc Oxide, 14.4 Ounces|22.99
diaper|Depend Fresh Protection Advanced Incontinence Underwear for Men, Ultimate Absorbency|52.99
diaper|Depend Fresh Protection Advanced Incontinence & Postpartum Bladder Leak Underwear for Women, Ultimate Absorbency|52.99
diaper|Poise Advanced Ultimate Absorbency Long Pads, 108-count|44.99
diaper|Baby Sebamed Essentials Collection|69.99
diaper|adidas Men's Tricot Track Pant|9.97
diaper|Hurley Youth Performance Pant|17.99
diaper|32 Degrees Youth Flare Pant, 2-pack|12.97
diaper|Danskin Women's Legging|14.99
phone|Panasonic KX-TG994 DECT 6.0 Bluetooth 4-Handset Phone Bundle|79.99
phone|Ooma Telo Air 2 Wireless Wi-Fi Home Phone Service with 1 Cordless Handset|99.99
phone|Scosche MagicMount FLIP – Magnetic Phone Mount - 2-pack|29.99
phone|Combo Wireless Car Adapter for Apple CarPlay and Android Auto|46.99
phone|UGREEN Nexode Power Bank, 20,000 mAh 130W Portable Charger with Built-in Cable|49.99
phone|Scosche PowerVolt PD60 Dual Port USB-C Car Charger, 2-pack|34.99
phone|Belkin Travel Bundle – 10K Power Bank with Integrated USB-C Cable, 30W USB-C Wall Charger, USB-C/C Cable & Travel Pouch|39.99
phone|Boca Touchscreen Purse With Clip & Go Pouch|59.99
phone|Select Options|59.99
phone|Belkin 3-in-1 Charging Stand Qi2 25W|69.99
phone|Apple AirPods Pro 3, Wireless Earbuds, Active Noise Cancellation, Hearing Aid Feature, Heart Rate Sensing, Includes 2 Years of AppleCare+|249.99
phone|AirPods 4 with Active Noise Cancellation|148.99
phone|Apple Airpods Max 2|529.99
phone|Anker Charging - Costco Next|40
phone|Oru Kayak Inlet Folding Kayak Bundle|999.99
phone|Zoe Touchscreen Purse with Clip & Go|59.99
phone|Oru Kayak Beach LT Folding Kayak Bundle|1189.99
phone|Sight Savers Lens Cleaning Tissues, 200 Tissues|14.99
phone|Anker Qi2 MagGo Power Bank (10K) - Costco Next|79.99
phone|Anker MagGo Qi2 Wireless Charging Station (Foldable 3-in-1) - Costco Next|79.99
phone|Anker Power Bank (25K, 165W, Built-In and Retractable Cables) - Costco Next|79.99
patio|SunVilla Alden 3-piece Outdoor Patio Seating Set|799.99
patio|Leisure Line 7-piece Outdoor Patio Dining Set by Tangent|1449.99
patio|Select Options|1449.99
patio|POLYWOOD Portside 3-piece Outdoor Patio Shellback Adirondack Set|579.99
patio|Agio Nicolet 7-piece Fire Outdoor Patio High Dining Set|1899.99
patio|Agio Juniper 5-piece Outdoor Fire Seating Set|2649.99
patio|SunVilla Alden 4-piece Outdoor Patio Seating Set|2199.99
patio|Agio Menorca 4-piece Outdoor Patio Deep Seating Set|1879.99
patio|Bridgeton 7-piece Outdoor Patio Seating Set|1949.99
patio|Agio Nicolet 4-piece Outdoor Patio Seating Set|1639.99
patio|SunVilla Fairchild 5-piece Outdoor Patio Seating Set|1999.99
patio|Mirador Adjustable Louvered Aluminum Pergola 10' x 13'|1799.99
patio|SunVilla Nichols 7-piece Sling Outdoor Patio Dining Set|1499.99
patio|See Details|1499.99
patio|SunVilla Aldous 4-piece Outdoor Patio Seating Set|1649.99
patio|SunVilla Knox 6-piece Outdoor Patio Seating Set|1749.99
patio|SunVilla Middleton 7-piece Fire Outdoor Patio Sectional Seating Set|2149.99
patio|Mirador 11.4’ Cantilever Umbrella with Rolling Base|599.99
patio|Yardistry 12' x 14' Gazebo with Aluminum Roof|2099.99
patio|SunVilla Nichols 4-piece Outdoor Patio Seating Set|1499.97
patio|Sorara Mirador Pergola 8.8' x 14.4'|2199.99
patio|Yardistry 12' x 10' Gazebo with Aluminum Roof|1499.99
patio|Theo Resin Planters by Trendspot, 2-pack|42.99
patio|Koolspot Outdoor Sun Shade – Pole Operated|119.99
patio|Fire Sense Matte Black Patio Heater|159.99
patio|SunVilla Charme 3-piece Outdoor Patio Dining Set|849.99
gift|Branch to Box Snackette Box, 72 oz. Total|49.99
gift|The Fruit Company Spring Classic Tower|39.99
gift|The Fruit Company Covered Bridge Gourmet Gift Box|39.99
gift|Costco Shop Card|49.99
gift|See's Candies Two $25 Mailed Gift Cards ($50 Value)|25
gift|Borgo de' Medici Spring Gourmet Italian Gift Basket, Premium Imported Sweets Assortment, 32.1 oz|29.99
gift|Rastelli's Connoisseur Gift Crate|99.99
gift|Mrs. Prindables Caramel Apple & Confections Birthday Box|49.99
gift|Damn Man Meat and Nut Snack Gift Box, 28 oz. Total|39.99
gift|IHOP Four Restaurant $25 eGift Cards ($100 Value)|25
gift|Our Heroes' Care Pack|59.99
gift|Topgolf - Two $50 eGift Cards|50
gift|Vacaville Dried Mixed Fruit, 34 oz|39.99
gift|Gift of Gold Star Membership|65.00
gift|Hickory Farms Charcuterie Board Gift Set|39.99
gift|Best of Dewey's Bakery Gift Box|49.99
gift|Fogo de Chao Brazilian Steakhouse Two Restaurant $50 eGift Cards ($100 Value)|50
gift|Birthday Full of Happiness Floral Arrangement|53.99
gift|Birthday Celebration Floral Arrangement|59.99
gift|Jelina Chocolatier Handcrafted Chocolate Bark Duo Tin, 1.5 lbs|54.99
gift|Napa Sonoma Supply, Caffeine Crush Coffee Gift Box|79.99
gift|Hickory Farms Savory Farmhouse Gift Box, 23.49 oz|29.99
gift|InfiniteAloe Complete Skin Care 15-piece Set|149.99
gift|Select Options|149.99
gift|Mrs. Prindables 6 Gourmet Caramel Apples and Confections Gift Basket|109.99
seafood|Morey's Seasoned Wild Alaskan Salmon, 6-Count|52.99
seafood|Wild Alaska Coho Salmon Portions, Total 10Lbs.|219.99
seafood|Northwest Fish Wild Alaskan Sockeye Salmon Fillets Total 25 Count, 1 Case Totaling 10 Lbs.|289.99
seafood|Northwest Red King Salmon Portions, 12 Total Count, 1 Case Totaling 6 Lbs.|189.99
seafood|Trident Seafoods Smoked Sockeye Salmon, 2 Gift Packs|64.99
seafood|Northwest Fish Wild Alaskan Sockeye Salmon Fillets, 10 lbs|179.99
seafood|Aysen Coho Sashimi Quality Salmon Portions, (6 Oz. Portion Per Pack), 26 to 27 Total Packs, 10 Lbs. Total|179.99
seafood|Northern Fish Atlantic Smoked Salmon Side, 1 Fillet, 3 lbs. Total|94.99
seafood|SeaBear Ready to Eat Wild Salmon Variety Pack, 9 Pouches (3.5 oz. each)|59.99
seafood|Cedar Planked Salmon Portions, 20 - 6 oz, 7.5 lb Total|199.99
seafood|Smoked New Zealand King Salmon, 1.1lb fillets, 2-count, 2.2 lbs total|109.99
seafood|SeaBear Wild Sockeye & King Smoked Salmon Fillet Duo, Total 2lbs. (1 lb each)|64.99
seafood|SeaBear Smoked Salmon Gift Boxes, 6 oz, 6-pack|79.99
seafood|Kirkland Signature, Wild Alaskan Pink Salmon, 6 oz, 6-Count|19.99
seafood|Kirkland Signature Nature's Domain Salmon and Sweet Potato Formula Dog Food, 25 lbs|29.99
seafood|Kirkland Signature Nature's Domain Cat Food 18 lbs.|25.99
seafood|D'LEXO PDRN Solution Salmon Ampoule, 1.18 fl oz|29.99
seafood|Northern Fish Smoked Salmon Variety Pack (10/4 Oz. Per Fillet), 2.5 lbs. Total|89.99
seafood|Tsar Nicoulai Smoked Sturgeon Spread & Salmon Dip Variety 6 Pack, 6 oz each|64.99
seafood|Pure Alaska Omega Wild Salmon Oil 1000 mg, 210 Softgels|23.99
seafood|Kirkland Signature Nature's Domain Small Breed Salmon & Lentil, 20 lbs|24.99
seafood|The Fruit Company Salmon Snack Crate|54.99
seafood|Kirkland Signature Chunks in Gravy, Canned Cat Food Variety Pack, 3 oz, 48-count|32.99
seafood|Tsar Nicoulai Caviar Tasting Flight Gift Set|249.99
meat|Rastelli's Antibiotic-free Chicken Breast and Thigh Pack, 32 Total Packs, 10 lbs. Total|109.99
meat|D’Artagnan Green Circle Chicken - Boneless & Skinless Breasts, 12 Total Packs, 11 Lbs. Total|154.99
meat|Crescent Foods Halal Hand Cut Ground Chicken, 6-2 lb. Packs, 12 Lbs. Total|134.99
meat|Kirkland Signature, Chicken Breast, 12.5 oz, 6-Count|16.99
meat|Kirkland Signature, Organic Chicken Stock, 32 fl oz, 6-Count|11.99
meat|Chicken of the Sea, Chunk Light Premium Tuna in Water, 7 oz, 12-Count|20.99
meat|Quality Ethnic Foods Halal Chicken Variety Pack (Drumsticks, Tenders, Boneless Breast), 12 Total Packs, 12 Lbs. Total|129.99
meat|Rastelli's Variety Protein Locker Pack - 38 Total Packs, 21 Lbs. Total|329.99
meat|Bacon-Wrapped Turducken Roast w/ Italian Sausage Stuffing, 7 lb Total|169.99
meat|22" Metal Chicken|39.99
meat|Nissin, Top Ramen, Chicken, 3 oz, 48-Count|16.99
meat|Libby's, Vienna Sausage, 4.6 oz, 18-count|14.99
meat|D'Artagnan 13-piece Gourmet Roasting Ham & Luxury Charcuterie Gift Box, 12.5 lbs|209.99
meat|Texas Tamale Co. Chicken Tamales 6-pack of 12 each, 72-count|99.99
meat|Mountain House Asian Inspired Freeze Dried Kit, 24-count (48 Total Servings)|189.99
meat|Mountain House Power Pack, 8 Pouches (16 Total Servings)|59.99
meat|ReadyWise Outdoor Pro Meal Sampler Pack - 8 Premium Camping Meals (2 Servings Per Pouch)|84.99
meat|Mountain House Pro-pak Kit, 8 Pouches, 8 Total Servings|59.99
meat|ReadyWise Gluten-Free Emergency Food Entree 2 Box Kit (48 Total Servings)|64.99
meat|Mountain House Southwest Faves Kit, 10 Pouches, 20 Total Servings|69.99
meat|Kirkland Signature Fresh Boneless Skinless Chicken Breasts|109.99
meat|Select Options|109.99
meat|Campbell's, Simply Chicken Noodle Soup, 18.6 oz, 8-Count|16.49
meat|See Details|16.49
meat|Knorr, Chicken Bouillon, 7.9 lbs|22.99
meat|Samyang Buldak Ramen Carbonara, Spicy Chicken, 3.7 oz, 6-count|13.99
protein|Premier 30g Protein PLUS Energy and Immune Support Shakes, Vanilla, 11 fl oz, 18-pack|36.99
protein|Premier 30g Protein PLUS Energy and Immune Support Shakes, Cafe Latte, 11 fl oz, 18-pack|36.99
protein|Premier 30g Protein PLUS Energy and Immune Support Shakes, Chocolate Peanut Butter, 11 fl oz, 18-pack|36.99
protein|Fairlife Nutrition Plan, 30g Protein Shake, Chocolate, 11.5 fl oz, 18-pack|46.99
protein|Orgain Clean Grass Fed Protein Shake, Creamy Chocolate Fudge, 11 fl oz, 18-pack|36.99
protein|Orgain USDA Organic Simple Plant Protein Powder, Chocolate Peanut Butter Cup, 32.6 oz|8
protein|Orgain USDA Organic Simple Plant Protein Powder, Creamy Vanilla, 32.6 oz|8
protein|Orgain Organic Protein and Superfoods Plant Based Protein Powder, Creamy Chocolate Fudge, 2.64 lbs|36.99
protein|Orgain Organic Protein and Superfoods Plant Based Protein Powder, Vanilla Bean, 2.7 lbs|36.99
protein|Orgain Plant-Based Protein Shake Creamy Chocolate, 11 fl oz, 18-pack|36.99
protein|Orgain USDA Organic Kids Nutritional Protein Shake, Chocolate, 8 fl oz, 24-pack|36.99
protein|Ensure Original Nutrition Shake, Milk Chocolate, 8 fl. oz, 30-pack|37.49
protein|Ensure Original Nutrition Shake, 8 fl. oz, 30-pack, Vanilla|37.49
protein|Ensure Plus Nutrition Shake, Vanilla, 8 fl. oz, 30-pack|58.99
protein|Further Food Grass-Fed Collagen Peptides Powder Plus Mushroom, Chocolate, 56 Servings|35.99
protein|Further Food Grass-Fed Collagen Peptides Powder, Unflavored, 32.0 oz, 113 Servings|28.99
protein|Power Crunch Protein Energy Bar, Triple Chocolate, 1.4 oz, 12-count|17.49
protein|Power Crunch Protein Energy Bar, French Vanilla, 1.4 oz, 12-count|17.49
protein|Power Crunch Protein Energy Bar, Strawberry Creme, 1.4 oz, 12-count|17.49
protein|G2G 3-pack Peanut Butter Chocolate Chip Protein Bars 24-count|49.99
protein|G2G 3-pack Peanut Butter Coconut Chocolate Protein Bars 24-count|49.99
protein|G2G Protein Bar Variety 3-pack (24 Total Bars)|49.99
protein|Optimum Nutrition Gold Standard 100% Whey Protein Powder, Extreme Milk Chocolate, 5.64 lbs|36.99
protein|Optimum Nutrition Gold Standard 100% Whey Protein Powder, Vanilla Ice Cream, 5.47 lbs|36.99
bakery|Bon Appetit, Banana Bread Slice, 4 oz, 8-Count|13.99
bakery|Nordic Ware Simply Sourdough Starter Kit|79.99
bakery|Youchen Cheese Bread, 24-count, 1.65 oz|21.99
bakery|Savory Sampler Bread, Cheese, Salami and Fruit Gift Basket|119.99
bakery|USA Pan Loaf Pan Set, 3-pack|49.99
bakery|Kirkland Signature Organic Unbleached All Purpose Flour, 10 lbs, 2-count|19.99
bakery|Skippy Peanut Butter, Super Chunk, 48 oz, 2-count|12.99
bakery|Saf-Instant Yeast, 1 lb|4.99
bakery|Farm Rich Battered Mozzarella Cheese Sticks, 3 lbs, 2-count|69.99
bakery|Cutco High-Carbon Stainless Steel 22-piece Knife Block Set|13.99
bakery|Cutco 29-piece Kitchen Cutlery Set|13.99
bakery|T-fal Ice Force, 11-piece Stainless Steel Knife Block Set|99.99
bakery|Cutco 5-piece Kitchen Prep Set|13.99
bakery|Cuisinart Custom Select 4-slice Toaster|59.99
bakery|XL Acacia Charcuterie Board|79.99
bakery|Cuisinart German Steel 10-piece Knife Block Set with Built-in Sharpener|87.99
bakery|Zwilling Enfinigy 4-slice Toaster|13.99
bakery|Red Star, Active Dry Yeast, 32 oz|8.99
bakery|Cangshan NASU Series 12-Piece Knife Block Set - Costco Next|13.99
bakery|Select Options|13.99
bakery|Cangshan Cutlery - Costco Next|13.99
bakery|Cangshan L Series 17-piece German Steel Forged Knife Set|256.99
bakery|J.A. Henckels Elan Series Knife Set, 10-piece|136.99
bakery|Cangshan Denali Series German Steel Forged 17-piece Knife Block Set|179.97
bakery|Cangshan Sobu Series 6-piece Damascus Steel Knife Block Set|279.99
dairy|Whole Wheel Parmigiano Reggiano, Approximately 80 lbs.|1199.99
dairy|Mifroma Raclette Whole Wheel Cheese, Approximately 11 lbs.|149.99
dairy|Agriform Aged Parmigiano Reggiano, Aged 18 Months, Approximately 10 lbs.|209.99
dairy|Fattoria Della Piana Pecorino Calabrese Cheese, Whole Wheel, Approximately 4 lbs.|84.99
dairy|Don Juan Cave Aged Manchego, Aged 4 Months, Full Wheel, Approximately 7 lbs.|159.99
dairy|Snowdonia Black Bomber Cheese, Full Wheel, Approximately 4.4 lbs.|94.99
dairy|Kraft Grated Parmesan Cheese, 24 oz|11.49
dairy|Comté Cheese, Aged 10-12 Months, 2 lbs. Total|84.99
dairy|Sonoma Creamery Pepper Jack Crisps, 10 oz|12.99
dairy|Kraft, Macaroni & Cheese Dinner, 7.25 oz, 18-Count|18.99
dairy|Platterful, Charcuterie Kit - 1 Wooden Board & 1 Cheese Knife Set Included|169.99
dairy|Bon Appetit, Gourmet Danish, Variety Pack, 3 oz, 18-Count|17.99
dairy|Hickory Farms Traditional Gift Box, 3.1 lbs Total|49.99
dairy|RITZ Bits Cracker Sandwiches, Cheese, 1.5 oz, 30-count|14.99
dairy|Jack Link's All American Beef Stick, Beef & Cheese, 1.2 oz, 16-count|22.99
dairy|Rastelli's Connoisseur Gift Crate|99.99
dairy|Pirate's Booty Aged White Cheddar Snack, 0.5 oz, 40-count|15.99
dairy|Don Juan Black Garlic Sheep’s Milk Cheese, Full Wheel, Approximately 7 lbs.|169.99
dairy|Mifroma Gruyere Cheese, King Cut, 5 lbs. Total|159.99
dairy|Snowdonia Green Thunder Cheddar Cheese, Full Wheel, Approximately 4.4 lbs.|99.99
dairy|Beemster XO Gouda Cheese, 26 Month Aged, Quarter Wheel, Approximately 7 lbs.|159.99
dairy|Papillon Roquefort Cheese, Half Wheel, 3 lbs. Total|129.99
dairy|Beemster Aged Cheese, Aged 18 Months, Quarter Wheel, Approximately 6 lbs.|139.99
dairy|Kraft Grated Parmesan Cheese, 4.5 lbs|26.49
wine|Chateau Petrus Vertical Set, 11 Pack 750ml CA ONLY (PRE-SALE)|84999.99
wine|Select Options|84999.99
wine|Château L'Evangile 2021 En Primeurs, 750 ml Bottle CA ONLY|99.99
wine|Chateau Haut Brion Historical Magnum Gift Set, 24 Pack 1500ml CA ONLY (PRE-SALE)|49999.99
wine|Chateau Calon Segur Gift Set 1998, 2003, 2005, 2006, 2009, 2010, 6 Pack 750 ml CA ONLY (PRE-SALE)|1199.99
wine|Les Tourelles De Longueville Quatuor Gift Set 2017-2020, CA ONLY|199.99
wine|Chateau Margaux 2021 En Primeurs, 750 ml Bottle CA ONLY|399.99
wine|Chateau Giscours Vertical Collection 2015-2020, CA ONLY|499.99
wine|PureWine The Wand 40-pack, Wine Purifiers|64.99
wine|Coravin Wine Preservation Accessories Bundle, 13-piece|94.99
wine|Rabbit Wine Decanter|47.99
wine|Coravin Timeless Three 4-piece Wine Preservation System|199.99
wine|Wine Enthusiast Giant 300-Bottle Wine Cellar with VinoView Shelving|2999.99
wine|PureWine Purifiers, Eco-Wand 32-Pack|63.99
wine|Wine Enthusiast Classic 92-bottle Single-Zone Free-Standing Wine Cellar|999.99
wine|Neatfreak 24 Bottle Stacking Metal Wine Rack|59.99
wine|JoyJolt Sidney Red Wine Glasses, Set of 6|31.99
wine|Zwiesel Glas Pure Red Wine Glass 18.2 oz, Set of 6|84999.99
wine|Zwiesel Glas Pure White Wine Glass 13.8 oz, Set of 6|84999.99
wine|Ultimate Great Wines of the World 6 Bottle Set, 90/97/00/13/17/18, 750 ml CA ONLY (PRE-SALE)|6999.99
wine|Cheval Des Andes Magnum Collection 2011-2013, CA ONLY|599.99
wine|Duclot Collection 2019 Bordeaux Set, 9-pack 750 ml CA ONLY (PRE-SALE)|13999.99
wine|Cheval Blanc 36 Bottle Vertical Set, 1970-2006, 750 ml CA ONLY (PRE-SALE)|34999.99
wine|Château Lafite Rothschild 6 Bottle Decade Collection, 90/00/10, 750 ml CA ONLY (PRE-SALE)|9999.99
wine|Clos Du Msrquis 2005-2010-2015 Magnum Gift Set, CA ONLY|649.99
cleaning|Nellie's Laundry Soda, 800 Loads|69.99
cleaning|Kirkland Signature Ultra Clean Free & Clear HE Liquid Laundry Detergent, 146 loads, 194 fl oz|21.49
cleaning|ECOS Liquid Laundry Detergent, Free & Clear, 210 Loads, 210 fl oz, 2-count|39.99
cleaning|Kirkland Signature Ultra Clean Laundry Detergent Pacs, 152-count|22.99
cleaning|Tide Pods with Ultra Oxi Laundry Detergent Pods, 100-count|29.99
cleaning|See Details|29.99
cleaning|All Free & Clear Plus+ Liquid Laundry Detergent, 160 Loads, 200 fl oz|23.99
cleaning|Gain +Oxi Liquid Laundry Detergent, Original, 159 Loads, 170 fl oz|23.99
cleaning|Nellie's Laundry Soda, 400 Loads|54.99
cleaning|Arm & Hammer Plus OxiClean Max HE Liquid Laundry Detergent, Fresh, 200 Loads, 200 fl oz|17.99
cleaning|Kirkland Signature Ultra Clean HE Liquid Laundry Detergent, 146 loads, 194 fl oz|21.49
cleaning|Tide Pods Laundry Detergent Pods, Spring Meadow, 156-count|28.99
cleaning|ECOS Liquid Laundry Detergent, Magnolia & Lily, 210 Loads, 210 fl oz, 2-count|31.99
cleaning|Tide Plus with Ultra Downy Liquid Laundry Detergent, April Fresh, 100 Loads, 128 fl oz|19.49
cleaning|Tide Ultra Concentrated Liquid Laundry Detergent, 152 Loads, 170 fl oz|29.99
cleaning|Tide Plus Ultra Oxi Powder Laundry Detergent, Original, 143 Loads, 225 oz|30.99
cleaning|Tide Pods Laundry Detergent Pods, Free & Gentle, 152-count|34.89
cleaning|Kirkland Signature Powder Laundry Detergent, 200 Loads, 348.8 oz|24.99
cleaning|Tide Pods with Ultra Oxi Laundry Detergent Pods, 104-count|29.99
cleaning|Kirkland Signature Platinum Performance UltraShine Dishwasher Detergent Pacs, 115-count|13.99
cleaning|Cascade Platinum Plus Dishwasher Detergent ActionPacs, Fresh, 82-count|28.99
cleaning|Kirkland Signature Oxi Powder, 328 Loads, 11 lbs|13.99
cleaning|Nellie's Baby Laundry Soda, 500 Loads|89.99
cleaning|Boulder Clean Power Sport Liquid Laundry Detergent, Arctic Blast, 100 Loads, 100 fl oz|23.99
cleaning|Nellie's Laundry Detergent Cubes, Unscented, 128 Loads|38.99
